recipe,trainer,trainable_M,lr,n_train,n_epoch,token_ok,pdms,ncc,dac,ttc,ep,comfort_2f
safe_lr1e4_1k,sft_stage2_safe.py,,1e-4,1000,1,no,0.48427377360959994,0.77,0.73,0.74,0.8823293340373647,0.8823529411764706
safe_lr5e4_1k,sft_stage2_safe.py,1.35,5e-4,1000,1,yes,0.4524217719086688,0.725,0.74,0.705,0.9038937282731924,0.8411764705882353
safe_lr1e5_1k,sft_stage2_safe.py,1.35,1e-5,1000,1,yes,0.500721296172776,0.78,0.74,0.75,0.8774293402629227,0.8764705882352941
