{
  "backbone": "15",
  "n_drop": 12,
  "n_seeds": 3,
  "n_samples": 100,
  "results": [
    {
      "seed": 0,
      "dropped": [
        2,
        9,
        11,
        12,
        15,
        16,
        24,
        25,
        26,
        29,
        31,
        34
      ],
      "L2_avg": 1.7956392797287257,
      "L2_3s": 2.920742639998029,
      "alignment": 0.19
    },
    {
      "seed": 1,
      "dropped": [
        4,
        6,
        7,
        8,
        12,
        14,
        15,
        16,
        20,
        24,
        25,
        31
      ],
      "L2_avg": 1.8432775562258061,
      "L2_3s": 3.0089144243627364,
      "alignment": 0.31
    },
    {
      "seed": 2,
      "dropped": [
        3,
        5,
        8,
        9,
        10,
        19,
        21,
        23,
        25,
        27,
        32,
        34
      ],
      "L2_avg": 1.5905704370025031,
      "L2_3s": 2.5601212217824183,
      "alignment": 0.59
    }
  ],
  "L2_avg_mean": 1.7431624243190118,
  "L2_avg_std": 0.10963754615946796,
  "alignment_mean": 0.3633333333333333,
  "alignment_std": 0.1675974011996871
}