{
  "backbone": "r1",
  "n_drop": 12,
  "n_seeds": 3,
  "n_samples": 100,
  "results": [
    {
      "seed": 0,
      "dropped": [
        2,
        9,
        11,
        12,
        15,
        16,
        24,
        25,
        26,
        29,
        31,
        34
      ],
      "L2_avg": 1.5536945225028382,
      "L2_3s": 2.506247417119235,
      "alignment": 0.67
    },
    {
      "seed": 1,
      "dropped": [
        4,
        6,
        7,
        8,
        12,
        14,
        15,
        16,
        20,
        24,
        25,
        31
      ],
      "L2_avg": 1.4924074522591073,
      "L2_3s": 2.393543553950257,
      "alignment": 0.64
    },
    {
      "seed": 2,
      "dropped": [
        3,
        5,
        8,
        9,
        10,
        19,
        21,
        23,
        25,
        27,
        32,
        34
      ],
      "L2_avg": 1.4632317687779377,
      "L2_3s": 2.341091225368087,
      "alignment": 0.76
    }
  ],
  "L2_avg_mean": 1.503111247846628,
  "L2_avg_std": 0.03769885836341792,
  "alignment_mean": 0.6900000000000001,
  "alignment_std": 0.05099019513592784
}