{
  "backbone": "r1",
  "n_drop": 4,
  "n_seeds": 3,
  "n_samples": 100,
  "results": [
    {
      "seed": 0,
      "dropped": [
        2,
        16,
        24,
        26
      ],
      "L2_avg": 1.536217496185462,
      "L2_3s": 2.4804886964436927,
      "alignment": 0.65
    },
    {
      "seed": 1,
      "dropped": [
        4,
        7,
        8,
        16
      ],
      "L2_avg": 1.4737045553540697,
      "L2_3s": 2.352672407088845,
      "alignment": 0.68
    },
    {
      "seed": 2,
      "dropped": [
        3,
        5,
        10,
        23
      ],
      "L2_avg": 1.4852847087941672,
      "L2_3s": 2.3928483763344413,
      "alignment": 0.7
    }
  ],
  "L2_avg_mean": 1.4984022534445662,
  "L2_avg_std": 0.027154120940644205,
  "alignment_mean": 0.6766666666666667,
  "alignment_std": 0.02054804667656323
}