{
  "backbone": "r1",
  "n_drop": 3,
  "n_seeds": 3,
  "n_samples": 100,
  "results": [
    {
      "seed": 0,
      "dropped": [
        2,
        24,
        26
      ],
      "L2_avg": 1.7858818110158274,
      "L2_3s": 2.9679714253828466,
      "alignment": 0.68
    },
    {
      "seed": 1,
      "dropped": [
        4,
        8,
        16
      ],
      "L2_avg": 1.4507083336827609,
      "L2_3s": 2.324745303479645,
      "alignment": 0.7
    },
    {
      "seed": 2,
      "dropped": [
        3,
        5,
        23
      ],
      "L2_avg": 1.4767324130298043,
      "L2_3s": 2.3784662135356136,
      "alignment": 0.65
    }
  ],
  "L2_avg_mean": 1.5711075192427977,
  "L2_avg_std": 0.15223952724007048,
  "alignment_mean": 0.6766666666666666,
  "alignment_std": 0.02054804667656323
}