{
  "scores": [
    0.7305749607086182,
    0.01069866532459855,
    1.1849210333824158,
    0.03538777325302363,
    0.006757246945053339,
    0.007322256742045283,
    0.004367889957502484,
    0.0021403603907674553,
    0.001925200643017888,
    0.0014444355946034192,
    0.0004282208625227213,
    0.0003552001062780619,
    0.00036833175458014013,
    0.00039119260385632514,
    0.00025550342164933683,
    0.00025169519707560537,
    0.0003465176746249199,
    0.00016024078242480756,
    0.0001627450343221426,
    0.00016576174646615983,
    0.00016024096868932247,
    9.442843496799469e-05,
    6.390414200723172e-05,
    0.00018379678949713706,
    9.130360558629036e-06,
    0.00016984323970973492,
    0.00010171652771532535,
    0.00014603768475353717,
    5.277026444673538e-05,
    1.1791419237852097e-05,
    6.131200119853019e-05,
    8.545545861124993e-05,
    0.00010202229022979737,
    4.0246732532978057e-05,
    2.5572180747985838e-05,
    4.956718534231186e-05
  ],
  "ranked_layers": [
    24,
    29,
    34,
    33,
    35,
    28,
    30,
    22,
    31,
    21,
    26,
    32,
    27,
    17,
    20,
    18,
    19,
    25,
    23,
    15,
    14,
    16,
    11,
    12,
    13,
    10,
    9,
    8,
    7,
    6,
    4,
    5,
    1,
    3,
    0,
    2
  ],
  "n_samples": 100,
  "drop_layers_json": "/home/irteam/ws/alpamayo_pruning/weights/Alpamayo-1.5-10B-pruned-expertaware_vlm28/pruning_meta.json"
}