{
  "scores": [
    0.1929103673994541,
    0.06849150337278843,
    0.0074930432764813305,
    0.005060659139417112,
    0.01849238444119692,
    0.004128550258465111,
    0.006170376157388091,
    0.00704222627915442,
    0.0072805963456630705,
    0.0072891995217651126,
    0.007528578587807715,
    0.008016488482244313,
    0.01886180479079485,
    0.023335898499935864,
    0.035669141672551634,
    0.0575670862570405,
    0.2569266663491726,
    0.047855737432837483,
    0.05094021786004305,
    0.05127094868570566,
    0.03604253428056836,
    0.029216712582856418,
    0.021582855936139823,
    0.022475069891661405,
    0.02922370480373502,
    0.013244190476834774,
    0.007383578778244555,
    0.008753428184427321,
    0.010869446033611894,
    0.014501322899013758,
    0.019011312341317536,
    0.026323551777750254,
    0.029128937274217604,
    0.035628918074071404,
    0.021026507951319218,
    0.07085498273372651
  ],
  "ranked_layers": [
    5,
    3,
    6,
    7,
    8,
    9,
    26,
    2,
    10,
    11,
    27,
    28,
    25,
    29,
    4,
    12,
    30,
    34,
    22,
    23,
    13,
    31,
    32,
    21,
    24,
    33,
    14,
    20,
    17,
    18,
    19,
    15,
    1,
    35,
    0,
    16
  ],
  "n_samples": 100,
  "weights": "/home/irteam/ws/alpamayo_pruning/weights/Alpamayo-R1-10B"
}