{
  "scores": [
    0.12513486362993717,
    0.039159258045256135,
    0.0113835303299129,
    0.010371048813685774,
    0.03232813319191337,
    0.015016169687733054,
    0.012236399315297604,
    0.012003879183903337,
    0.00672014064155519,
    0.010832052771002054,
    0.01998674123547971,
    0.012285749372094869,
    0.029893705788999796,
    0.015196306556463242,
    0.020355603992938995,
    0.04005507625639439,
    0.11370759755373001,
    0.018853636607527733,
    0.020761883035302162,
    0.02615421760827303,
    0.01677998710423708,
    0.02226093962788582,
    0.01903804877772927,
    0.026082231756299736,
    0.07471835762262344,
    0.00800214367453009,
    0.005105617451481521,
    0.0046975243464112285,
    0.006392330806702376,
    0.008610767307691275,
    0.014620198598131538,
    0.004428343072067947,
    0.004273311025463045,
    0.004731878561433405,
    0.01679822285659611,
    0.0491336489841342
  ],
  "ranked_layers": [
    32,
    31,
    27,
    33,
    26,
    28,
    8,
    25,
    29,
    3,
    9,
    2,
    7,
    6,
    11,
    30,
    5,
    13,
    20,
    34,
    17,
    22,
    10,
    14,
    18,
    21,
    23,
    19,
    12,
    4,
    1,
    15,
    35,
    24,
    16,
    0
  ],
  "n_samples": 100,
  "weights": "/home/irteam/ws/alpamayo_pruning/weights/Alpamayo-1.5-10B"
}